latitude,longitude,City,Country,Max Temp,Humidity,Cloudiness,Wind Speed,Date
11.740797622825724,49.28124531661058,bosaso,so,77.0,69.0,20.0,16.11,2018-02-01 10:00:00
49.48862126026182,123.08052529597126,alihe,cn,-6.66,70.0,48.0,2.48,2018-02-01 10:44:55
50.54467113732426,118.14688424829899,klichka,ru,-9.45,64.0,32.0,5.39,2018-02-01 10:45:22
51.8347418110055,-111.32347872834409,hanna,ca,-14.67,61.0,36.0,6.62,2018-02-01 10:44:51
54.99057948457727,-134.17710345189565,sitka,us,29.93,71.0,8.0,9.75,2018-02-01 10:49:09
5.598690989821208,-46.24239215365466,amapa,br,77.63,95.0,76.0,3.38,2018-02-01 10:46:20
2.8185177061187545,68.31532445887296,kudahuvadhoo,mv,82.62,100.0,48.0,5.95,2018-02-01 10:49:49
56.32025607297368,18.380071674726935,visby,se,37.4,100.0,20.0,16.11,2018-02-01 10:20:00
20.952423094548564,-20.834871066107667,nouadhibou,mr,66.2,64.0,0.0,14.0,2018-02-01 10:48:27
-51.493280318613635,133.98803270959087,portland,au,54.05,84.0,68.0,3.49,2018-02-01 10:49:36
28.580867706119577,102.89854603444115,xichang,cn,38.66,66.0,0.0,1.92,2018-02-01 10:49:57
51.99850299553225,157.50136170126427,ozernovskiy,ru,23.81,100.0,92.0,5.06,2018-02-01 10:46:10
27.742969983384157,78.61679664892972,kasganj,in,72.81,70.0,0.0,3.83,2018-02-01 10:48:02
-38.44075491783014,23.2248719278372,plettenberg bay,za,70.2,87.0,0.0,12.44,2018-02-01 10:48:12
42.862790981536165,36.59721105036817,bafra,tr,55.4,50.0,0.0,5.82,2018-02-01 09:50:00
87.423908664252,95.66893601101145,khatanga,ru,-30.15,0.0,12.0,2.59,2018-02-01 10:50:24
23.86305777177124,36.571389756060086,umm lajj,sa,78.12,57.0,0.0,1.59,2018-02-01 10:49:54
19.528722504219644,-6.156489767286416,araouane,ml,77.54,46.0,36.0,6.17,2018-02-01 10:46:36
-6.798849578867589,-58.05246276711529,jacareacanga,br,76.41,96.0,88.0,2.48,2018-02-01 10:48:54
-7.194619536151492,23.468635624179313,mwene-ditu,cd,84.96,73.0,32.0,1.14,2018-02-01 10:45:41
68.18200067515431,-10.532898895729744,hofn,is,32.0,100.0,0.0,19.46,2018-02-01 10:00:00
20.69949955168333,15.848384954520213,bilma,ne,73.31,37.0,0.0,13.78,2018-02-01 10:46:37
-10.069689884355938,-31.115343258124994,tamandare,br,78.12,92.0,44.0,3.71,2018-02-01 10:45:20
-1.4189618945593168,142.46958417535046,aitape,pg,79.39,100.0,92.0,10.65,2018-02-01 10:45:09
23.46689494443659,94.08650211032335,mawlaik,mm,64.71,79.0,0.0,1.92,2018-02-01 10:45:08
15.107437886202291,-60.75250584159677,sainte-marie,mq,75.2,69.0,75.0,16.24,2018-02-01 10:30:00
6.662229364657506,-18.442863613268145,bubaque,gw,69.8,40.0,0.0,5.82,2018-02-01 10:00:00
49.88457584918484,21.69915883428243,ropczyce,pl,46.4,65.0,20.0,26.4,2018-02-01 10:30:00
33.18111025181064,81.47038270161994,joshimath,in,16.34,85.0,64.0,0.92,2018-02-01 10:49:28
-6.060966730134709,116.25763018072763,singaraja,id,80.6,83.0,75.0,9.17,2018-02-01 10:00:00
53.18663184292879,-97.15159108159364,gimli,ca,-5.22,55.0,36.0,15.23,2018-02-01 10:46:51
34.110302870174905,-91.86717883299218,pine bluff,us,50.0,87.0,1.0,11.41,2018-02-01 09:56:00
67.10210801889005,-179.03436025921297,egvekinot,ru,-4.55,65.0,12.0,2.15,2018-02-01 10:49:31
60.80945384408835,142.1192508239838,okhotsk,ru,10.35,96.0,68.0,3.71,2018-02-01 10:49:44
-30.97004216597854,126.91195702316134,esperance,au,68.14,59.0,0.0,15.23,2018-02-01 10:49:47
-24.725611803969628,-61.16075574163426,presidencia roque saenz pena,ar,79.88,82.0,80.0,6.96,2018-02-01 10:46:42
28.908707370764773,-8.7250538777798,tiznit,ma,59.45,82.0,0.0,0.58,2018-02-01 10:46:38
-29.421838385045604,160.4150513488002,byron bay,au,66.2,93.0,75.0,8.05,2018-02-01 10:00:00
-0.27912408508240105,-9.69227805241411,harper,lr,82.62,98.0,0.0,8.75,2018-02-01 10:50:03
25.602177721604434,78.47840090390048,datia,in,79.43,30.0,0.0,4.83,2018-02-01 10:49:45
68.67414329361159,-96.87676763888882,thompson,ca,-29.21,73.0,5.0,5.82,2018-02-01 10:00:00
62.91383304874182,44.59840419950268,verkhnyaya toyma,ru,13.64,69.0,92.0,4.61,2018-02-01 10:47:02
11.202628659098607,85.55622607463448,trincomalee,lk,79.11,68.0,44.0,9.19,2018-02-01 10:47:35
-24.38115059901503,-70.25407106773328,antofagasta,cl,64.4,77.0,0.0,1.12,2018-02-01 10:00:00
33.336583882700296,39.18129649227558,turayf,sa,60.8,32.0,0.0,3.36,2018-02-01 10:00:00
45.16157666111138,37.23231992199288,strelka,ru,5.0,77.0,64.0,4.16,2018-02-01 10:45:51
3.253344571694228,-77.15594368523989,suarez,co,70.02,86.0,64.0,2.48,2018-02-01 10:45:49
-59.92205746916196,-2.4555482048353383,cape town,za,82.4,37.0,0.0,6.93,2018-02-01 10:00:00
70.7859707298465,15.782369303173681,andenes,no,26.6,58.0,0.0,17.22,2018-02-01 10:20:00
-49.5497529199885,-169.04705721029134,vaini,to,75.2,94.0,40.0,6.73,2018-02-01 10:00:00
69.33896408697038,121.57443947429272,zhigansk,ru,-39.87,0.0,24.0,3.6,2018-02-01 10:46:29
-1.2328241408511644,133.75769194067726,manokwari,id,83.48,98.0,64.0,14.12,2018-02-01 10:49:36
-33.944383175365346,-23.03640948143834,sao joao da barra,br,73.4,94.0,0.0,4.61,2018-02-01 10:00:00
62.31346879402764,27.20572666289212,mikkeli,fi,15.8,92.0,90.0,10.29,2018-02-01 10:20:00
26.615233685804967,94.43476395855936,mariani,in,61.11,93.0,48.0,2.82,2018-02-01 10:45:12
-34.1579243541828,34.86375949380178,margate,za,70.16,95.0,64.0,8.97,2018-02-01 10:49:05
17.002936755213554,37.175035138596115,wagar,sd,88.61,29.0,0.0,11.21,2018-02-01 10:45:11
-37.70656074774345,-47.68007738063639,chuy,uy,74.93,92.0,0.0,4.5,2018-02-01 10:49:50
8.285954480029531,-49.91235778638665,cayenne,gf,77.0,94.0,75.0,2.24,2018-02-01 10:30:00
63.72802370905927,-78.57564350615498,iqaluit,ca,-27.41,67.0,5.0,2.24,2018-02-01 10:00:00
19.36695129478767,133.7655662874015,nishihara,jp,37.4,100.0,90.0,6.93,2018-02-01 10:08:00
-36.45100413877635,132.36098574278867,port lincoln,au,67.19,83.0,88.0,17.69,2018-02-01 10:49:25
-45.37797638020793,-67.01089633321324,comodoro rivadavia,ar,62.6,55.0,0.0,19.46,2018-02-01 10:00:00
88.57736766391113,-158.69060415806507,barrow,us,37.4,74.0,1.0,10.29,2018-02-01 10:35:00
33.54230897527461,-137.78521887058233,fortuna,us,44.6,100.0,1.0,8.05,2018-02-01 10:35:00
48.28169940484028,-134.07555413726396,port hardy,ca,33.8,100.0,90.0,4.7,2018-02-01 10:00:00
-44.690264390881175,134.928345269881,mount gambier,au,59.85,68.0,0.0,6.06,2018-02-01 10:45:28
23.015458281824692,73.66022113851824,lunavada,in,87.94,23.0,0.0,3.15,2018-02-01 10:46:23
-26.42986215315107,168.53866526025337,vao,nc,79.61,99.0,92.0,8.75,2018-02-01 10:50:20
40.06959114243455,21.22578836926118,grevena,gr,50.0,81.0,90.0,3.49,2018-02-01 10:20:00
52.744764692069424,155.06581303501235,oktyabrskiy,ru,15.8,72.0,0.0,6.71,2018-02-01 10:00:00
37.769278281531726,145.32971005991573,kamaishi,jp,21.2,79.0,20.0,2.24,2018-02-01 10:00:00
68.14555360422591,170.00606167161635,pevek,ru,-1.62,60.0,0.0,5.61,2018-02-01 10:49:19
26.70883323423989,-113.45088866694557,santa rosalia,mx,62.6,45.0,40.0,3.36,2018-02-01 09:56:00
13.110589323878116,-86.4781938226735,esteli,ni,66.74,80.0,8.0,9.75,2018-02-01 10:47:23
13.570424513021692,99.95879713540864,damnoen saduak,th,76.91,77.0,24.0,5.61,2018-02-01 10:47:04
30.61089446591825,53.99305568970678,mehriz,ir,55.4,16.0,0.0,2.24,2018-02-01 10:00:00
-22.27135360152988,14.433925254704207,henties bay,na,68.14,93.0,8.0,7.07,2018-02-01 10:45:26
50.82382969731276,147.79545411447782,vostok,ru,-15.03,64.0,24.0,1.92,2018-02-01 10:47:38
-25.25541576755441,-57.817566984206536,asuncion,py,77.0,88.0,0.0,4.7,2018-02-01 10:00:00
65.83662506482014,-0.6250920399463666,brae,gb,42.8,81.0,40.0,28.86,2018-02-01 10:20:00
53.487764313219884,-104.51956871740184,nipawin,ca,-23.81,67.0,1.0,3.36,2018-02-01 10:00:00
-0.06510617442171451,-41.464674149521954,tutoia,br,80.6,83.0,75.0,8.05,2018-02-01 10:15:00
-36.633711575539174,173.74221348989875,parakai,nz,69.8,94.0,48.0,5.82,2018-02-01 10:00:00
87.89372236074863,33.9626025045076,berlevag,no,23.0,92.0,40.0,2.24,2018-02-01 10:20:00
61.29552962050852,45.00802905157187,kizema,ru,9.86,81.0,64.0,6.17,2018-02-01 10:46:56
43.65154447302163,-87.83457754485386,sheboygan,us,26.6,68.0,90.0,25.28,2018-02-01 10:15:00
-9.61794711696669,143.7685559842866,daru,pg,82.54,91.0,92.0,16.69,2018-02-01 10:48:53
89.62004435562034,110.07783699154078,saskylakh,ru,-33.12,0.0,56.0,3.71,2018-02-01 10:50:29
63.87849922332569,1.2742413888246062,raudeberg,no,35.6,93.0,40.0,4.7,2018-02-01 10:20:00
68.84157553014788,96.86271494700941,tura,ru,-15.17,66.0,64.0,2.37,2018-02-01 10:46:57
-20.660205138103564,163.26578594049374,poum,nc,80.01,100.0,36.0,10.65,2018-02-01 10:48:55
46.877782698816816,-63.5113843310195,kensington,ca,17.6,85.0,90.0,8.05,2018-02-01 10:00:00
6.2564400347493745,-120.39841605125434,cabo san lucas,mx,72.14,100.0,80.0,8.08,2018-02-01 10:49:39
39.7100818330332,118.67482345126012,tangjiazhuang,cn,29.75,56.0,24.0,4.83,2018-02-01 10:47:51
51.916087553014535,5.895038916225985,bemmel,nl,39.2,93.0,90.0,11.41,2018-02-01 10:31:00
34.044483739031335,123.58382515291169,huilong,cn,40.46,74.0,92.0,3.49,2018-02-01 10:47:52
65.1213814856261,-133.5612365006736,mayo,ca,-40.01,65.0,5.0,2.71,2018-02-01 10:00:00
49.227195530814754,43.10527594485163,kletskaya,ru,23.9,93.0,80.0,12.44,2018-02-01 10:47:56
-34.933944549883364,41.505017504200055,beloha,mg,85.5,76.0,0.0,10.98,2018-02-01 10:50:04
41.282174308583734,66.07993951891035,nurota,uz,50.0,37.0,0.0,9.17,2018-02-01 10:00:00
59.2531938737454,-18.75623336927768,vestmannaeyjar,is,28.4,74.0,0.0,20.8,2018-02-01 10:00:00
7.708179914636048,58.37329893658398,bandarbeyla,so,76.19,100.0,0.0,18.25,2018-02-01 10:47:00
57.31240137712041,-11.702557539264603,ballina,ie,39.2,80.0,20.0,16.11,2018-02-01 10:30:00
47.78072137378854,-136.23943935581207,prince rupert,ca,35.6,93.0,90.0,10.29,2018-02-01 10:00:00
-9.296075669013106,-50.7801385138859,conceicao do araguaia,br,80.91,97.0,80.0,3.6,2018-02-01 10:44:18
-27.649825629325044,-75.1921173942243,coquimbo,cl,59.0,87.0,90.0,5.82,2018-02-01 10:00:00
-26.917964613844504,-50.89041343717139,cacador,br,66.96,87.0,20.0,4.16,2018-02-01 10:46:53
-23.554096334433424,151.8929647712353,gladstone,au,75.79,89.0,80.0,17.02,2018-02-01 10:45:43
-2.731774945979538,70.86716351917667,hithadhoo,mv,82.18,100.0,88.0,13.67,2018-02-01 10:50:27
80.76970777684969,36.406845391702404,vardo,no,26.6,100.0,40.0,5.82,2018-02-01 10:20:00
28.371283548131885,87.91625533488428,mangan,in,36.14,45.0,0.0,1.7,2018-02-01 10:45:04
35.78717935718062,-21.9724593822356,vila franca do campo,pt,59.0,72.0,75.0,9.17,2018-02-01 10:30:00
12.269265036564661,7.2864073207570925,malumfashi,ng,79.2,22.0,0.0,17.02,2018-02-01 10:47:06
60.20271995206983,-8.024936414296349,vagur,fo,43.34,100.0,44.0,41.41,2018-02-01 10:49:29
-6.8525312057707595,-36.022646707939685,pocinhos,br,76.77,79.0,88.0,9.42,2018-02-01 10:46:03
-7.982964401544123,107.39113915853602,banjar,id,76.23,92.0,88.0,2.15,2018-02-01 10:48:08
86.43695864078455,-65.25578394316435,narsaq,gl,37.4,44.0,75.0,31.09,2018-02-01 09:50:00
43.73895139025791,74.66136045637302,georgiyevka,kz,23.63,92.0,48.0,0.81,2018-02-01 10:49:38
-16.404728105192675,168.78188267808628,lakatoro,vu,79.61,95.0,36.0,4.94,2018-02-01 10:45:58
-19.532523181497808,-68.18636768148907,challapata,bo,39.06,100.0,92.0,2.37,2018-02-01 10:46:41
69.73261507993007,-63.467928348598875,pangnirtung,ca,-20.61,29.0,24.0,6.51,2018-02-01 10:47:28
54.87702266461761,-118.11703231392148,grande prairie,ca,-5.81,76.0,90.0,4.7,2018-02-01 10:00:00
78.89584653803331,161.66697125239438,cherskiy,ru,8.24,53.0,0.0,3.49,2018-02-01 10:48:37
-5.3502147869777446,28.947114217575063,kalemie,cd,78.26,98.0,12.0,5.95,2018-02-01 10:47:49
-7.47731803357965,120.66598244568445,ruteng,id,73.62,91.0,76.0,7.07,2018-02-01 10:48:06
-18.52393027917364,11.905236108563798,opuwo,na,90.0,20.0,48.0,5.61,2018-02-01 10:48:49
-38.590447899469204,-13.444889816416406,jamestown,sh,71.51,100.0,68.0,14.34,2018-02-01 10:49:10
55.60011416252783,-17.629418506443812,dingle,ie,46.4,97.0,56.0,26.53,2018-02-01 10:47:59
53.20598563783378,82.0817648662013,rebrikha,ru,-8.87,66.0,8.0,3.15,2018-02-01 10:47:15
2.0470231070953133,91.63857773343841,meulaboh,id,80.6,100.0,44.0,6.4,2018-02-01 10:47:01
66.39186140948755,107.84503842352342,aykhal,ru,-39.69,0.0,8.0,2.82,2018-02-01 10:47:23
13.094928843985613,96.19592143601466,dawei,mm,79.79,52.0,0.0,2.59,2018-02-01 10:49:20
-29.98688189141142,33.09824813728727,richards bay,za,74.84,85.0,56.0,5.95,2018-02-01 10:48:21
1.6634340095440052,-67.85672629419112,sao gabriel da cachoeira,br,73.76,98.0,92.0,1.14,2018-02-01 10:46:06
0.6161710768987092,-64.97896721287222,santa isabel do rio negro,br,82.08,84.0,24.0,2.59,2018-02-01 10:45:57
-14.711848663147407,-57.94849821973648,nova olimpia,br,78.31,93.0,12.0,5.73,2018-02-01 10:50:19
33.199703315120715,-2.530205266507494,nador,ma,60.8,67.0,20.0,10.29,2018-02-01 10:30:00
72.41602442833101,-78.51745037755009,clyde river,ca,-20.21,75.0,90.0,27.51,2018-02-01 10:19:00
10.867308142549305,-103.39517277031791,san jeronimo,mx,62.6,45.0,40.0,3.36,2018-02-01 09:56:00
-18.620788305634676,-31.342557516457703,caravelas,br,78.08,100.0,68.0,17.36,2018-02-01 10:49:48
-22.623438831842492,-59.06819827743902,pozo colorado,py,79.79,100.0,76.0,7.63,2018-02-01 10:48:47
36.49733473199461,-99.41536589506853,woodward,us,30.2,74.0,1.0,11.41,2018-02-01 10:15:00
65.28887983772961,21.158068478733895,pitea,se,6.8,84.0,90.0,8.05,2018-02-01 10:20:00
64.19832817155927,64.42192755152297,igrim,ru,1.94,70.0,12.0,5.84,2018-02-01 10:47:07
40.3059389030181,17.94338762828076,veglie,it,59.0,54.0,20.0,12.75,2018-02-01 10:20:00
25.793196963204053,-4.80786831726698,taoudenni,ml,73.13,44.0,92.0,9.75,2018-02-01 10:46:21
-50.75817550839485,-64.22170721250038,rio gallegos,ar,53.6,76.0,75.0,14.99,2018-02-01 10:00:00
53.21095962942704,110.3204444134999,barguzin,ru,-13.09,73.0,32.0,2.15,2018-02-01 10:46:25
67.83866685681485,113.00597753731034,udachnyy,ru,-38.07,0.0,12.0,2.37,2018-02-01 10:47:33
58.092695398187175,23.52060591948552,virtsu,ee,35.6,93.0,90.0,6.93,2018-02-01 09:50:00
-31.792530681674165,-74.3696065009258,valparaiso,cl,51.8,93.0,75.0,3.36,2018-02-01 10:00:00
20.080256229300744,3.0972491378362577,tessalit,ml,75.56,36.0,92.0,13.67,2018-02-01 10:49:40
5.247100742992004,15.80444517668434,carnot,cf,90.14,37.0,0.0,10.76,2018-02-01 10:46:22
-4.436228066155465,25.62831385337344,lubao,cd,84.6,71.0,20.0,9.75,2018-02-01 10:45:12
-21.964974195100453,148.20739120520943,moranbah,au,86.31,47.0,68.0,13.22,2018-02-01 10:46:11
50.14131448834712,136.79161094139704,amursk,ru,-20.57,30.0,0.0,2.37,2018-02-01 10:48:54
-33.32840078741351,146.81976714493788,forbes,au,67.41,50.0,36.0,11.43,2018-02-01 10:45:01
7.87239674686225,114.96168698810965,balabac,ph,82.4,99.0,20.0,8.63,2018-02-01 10:45:16
-14.88400144438964,-45.600827642469426,posse,br,75.83,97.0,32.0,6.06,2018-02-01 10:47:08
58.76207662794155,-111.86762978086843,athabasca,ca,-10.35,67.0,80.0,3.49,2018-02-01 10:45:18
74.46688963262858,39.303188237568264,ostrovnoy,ru,8.06,87.0,68.0,3.71,2018-02-01 10:50:33
18.493676276627212,-98.74157652730308,axochiapan,mx,46.54,87.0,20.0,2.15,2018-02-01 10:45:43
48.49465844231585,112.99380207332877,kyra,ru,-5.13,49.0,8.0,7.4,2018-02-01 10:45:02
57.87491810468063,90.33236357320067,novobirilyussy,ru,-2.48,73.0,0.0,4.94,2018-02-01 10:50:17
42.00506787812009,74.29466675679996,kant,kg,18.0,96.0,68.0,1.81,2018-02-01 10:45:46
-30.986156065330754,-72.00487129271539,ovalle,cl,61.2,93.0,12.0,3.27,2018-02-01 10:47:44
53.75374304589843,99.39158948318669,shumskiy,ru,12.83,51.0,64.0,6.06,2018-02-01 10:45:04
-7.582171234407028,112.32317498438812,mojoagung,id,72.86,95.0,64.0,3.49,2018-02-01 10:49:45
-51.97618387894129,178.63449973455988,dunedin,nz,47.7,100.0,92.0,14.67,2018-02-01 10:48:49
64.4241750187721,174.8759940990891,anadyr,ru,1.4,77.0,90.0,8.95,2018-02-01 10:00:00
17.01392851645531,80.08212696895441,jaggayyapeta,in,85.64,31.0,0.0,4.38,2018-02-01 10:44:08
28.77293695977349,-94.30109720201972,galveston,us,35.6,81.0,1.0,8.05,2018-02-01 10:35:00
54.66081568618682,79.81361483450286,dovolnoye,ru,-4.95,55.0,8.0,7.18,2018-02-01 10:46:30
65.44501166737996,34.953785133056186,kem,ru,19.35,95.0,92.0,4.5,2018-02-01 10:48:56
37.57319565790834,96.78783634539394,yumen,cn,2.66,56.0,0.0,7.74,2018-02-01 10:49:55
83.2509187473245,-48.917572955508234,upernavik,gl,0.9,100.0,24.0,20.27,2018-02-01 10:48:35
64.45535833972002,-53.68518869940097,maniitsoq,gl,11.3,100.0,88.0,8.63,2018-02-01 10:48:38
68.07963001682901,11.468292459335856,sorland,no,33.8,58.0,0.0,5.82,2018-02-01 10:20:00
72.88194469552937,91.48487565925984,talnakh,ru,0.86,72.0,88.0,13.33,2018-02-01 10:48:27
-86.65512965422582,31.61669209415686,port elizabeth,za,75.2,57.0,75.0,18.34,2018-02-01 10:00:00
-8.10414352268397,-32.30275090339808,olinda,br,77.0,78.0,40.0,6.93,2018-02-01 10:00:00
63.46586744942161,78.53913732129422,tarko-sale,ru,-0.99,69.0,12.0,7.85,2018-02-01 10:47:51
-14.364778636171309,-59.91753174526275,pontes e lacerda,br,79.61,91.0,20.0,4.16,2018-02-01 10:45:13
43.0715842603517,-15.163430952078784,muros,es,46.4,81.0,40.0,5.82,2018-02-01 10:30:00
20.647307659802692,104.45795885204166,xam nua,la,54.36,87.0,92.0,1.92,2018-02-01 10:48:09
-5.437153174060185,-90.70762570168914,san cristobal,ec,56.3,100.0,20.0,1.7,2018-02-01 10:48:42
14.444276263255873,117.58633308841218,palauig,ph,75.33,88.0,8.0,6.96,2018-02-01 10:45:05
51.53288519956149,-65.4448588579615,sept-iles,ca,3.2,71.0,90.0,8.05,2018-02-01 10:00:00
69.63651427621679,-130.91319899079645,tuktoyaktuk,ca,-7.61,87.0,20.0,16.11,2018-02-01 10:00:00
-42.12427156827333,162.36819014202626,te anau,nz,42.89,96.0,92.0,7.63,2018-02-01 10:49:10
39.92499138643652,110.060954083647,dongsheng,cn,35.46,66.0,44.0,7.29,2018-02-01 10:45:45
-4.619241063841599,97.74247834990626,sungaipenuh,id,71.37,69.0,64.0,0.58,2018-02-01 10:47:49
8.360496512975246,43.92830542583167,hargeysa,so,73.58,38.0,0.0,12.77,2018-02-01 10:45:31
63.285965148513526,122.15487081295527,vilyuysk,ru,-37.57,0.0,64.0,3.15,2018-02-01 10:49:58
36.47320310095883,107.62875244154168,pingliang,cn,12.65,72.0,0.0,10.09,2018-02-01 10:47:32
56.17284315675485,76.5288059235844,kyshtovka,ru,-0.32,67.0,20.0,9.31,2018-02-01 10:45:51
39.148283068293324,-69.21914354921263,nantucket,us,37.4,93.0,1.0,11.41,2018-02-01 10:15:00
-25.86587433978555,-135.60106927309846,rikitea,pf,79.39,100.0,92.0,15.23,2018-02-01 10:50:16
47.40925726661942,0.37194668884450266,saint-cyr-sur-loire,fr,41.0,86.0,90.0,10.29,2018-02-01 10:30:00
36.74258977188491,51.18487750196849,chalus,ir,51.8,81.0,20.0,6.93,2018-02-01 10:00:00
25.963412874146158,97.80516042076266,myitkyina,mm,65.7,75.0,56.0,2.71,2018-02-01 10:48:26
-11.450194363863162,172.21272176434792,sola,vu,82.54,96.0,56.0,9.64,2018-02-01 10:47:27
63.08017189962203,111.88563794833226,chernyshevskiy,ru,-19.62,84.0,32.0,2.93,2018-02-01 10:44:50
-0.4219818531915678,-152.0877112114511,faanui,pf,78.53,100.0,76.0,3.6,2018-02-01 10:48:47
-38.32242206726184,-70.95686412364171,vilcun,cl,60.31,72.0,0.0,2.71,2018-02-01 10:49:28
60.67499152617745,-44.407227778885556,nanortalik,gl,32.31,92.0,80.0,19.71,2018-02-01 10:50:05
38.1645560120584,-25.623752534225957,rabo de peixe,pt,59.0,72.0,75.0,9.17,2018-02-01 10:30:00
-6.983121654785464,110.31171686670262,mranggen,id,73.13,97.0,88.0,1.7,2018-02-01 10:45:40
-1.6331510892734542,-80.22674927236542,pedro carbo,ec,77.0,83.0,75.0,8.05,2018-02-01 10:00:00
-0.6909237068626481,35.39586630434573,bomet,ke,73.18,56.0,92.0,5.95,2018-02-01 10:49:24
-34.63175767210747,-61.243675032065426,junin,ar,80.91,63.0,0.0,4.38,2018-02-01 10:46:27
53.23646866257144,112.67175114058028,sosnovo-ozerskoye,ru,-15.57,62.0,12.0,6.73,2018-02-01 10:45:48
33.99906427425124,114.35928338917262,xihua,cn,31.24,59.0,32.0,6.73,2018-02-01 10:46:02
6.972851162618042,-94.4299710469154,champerico,gt,68.58,90.0,0.0,3.94,2018-02-01 10:46:00
19.925721616486328,95.43497379075797,taungdwingyi,mm,69.94,71.0,0.0,3.38,2018-02-01 10:45:07
39.90178150289586,-5.525874582039222,navalmoral de la mata,es,51.8,83.0,0.0,0.92,2018-02-01 10:49:05
-8.689735010291173,102.54491363454196,labuhan,id,80.69,72.0,64.0,2.59,2018-02-01 10:50:25
-31.75606179383709,19.018929037783266,vredendal,za,91.49,32.0,0.0,7.52,2018-02-01 10:45:27
-0.39827074980777866,147.34384636633416,lorengau,pg,82.98,100.0,80.0,17.02,2018-02-01 10:48:31
67.77603765603851,77.36530016655854,tazovskiy,ru,-10.8,55.0,24.0,3.6,2018-02-01 10:45:07
-2.513127613591749,1.40070794293905,port-gentil,ga,84.2,74.0,75.0,5.82,2018-02-01 10:00:00
63.50574602534172,-161.22615579174058,bethel,us,5.0,77.0,1.0,32.21,2018-02-01 09:53:00
-10.728832731652133,-77.99241952539154,paramonga,pe,66.11,98.0,76.0,7.52,2018-02-01 10:46:55
11.85851669073449,10.63631955811411,potiskum,ng,85.86,18.0,0.0,14.23,2018-02-01 10:47:37
39.52088864657057,101.69208876280203,jinchang,cn,0.23,77.0,44.0,1.7,2018-02-01 10:45:15
-24.248762528491255,-45.43498003364297,sao sebastiao,br,77.54,95.0,92.0,2.93,2018-02-01 10:45:47
17.579422755933933,-48.433413144132174,bathsheba,bb,75.2,73.0,20.0,16.11,2018-02-01 10:00:00
41.69641244701094,26.96349178518537,babaeski,tr,57.33,72.0,92.0,17.25,2018-02-01 10:46:28
47.031258684828146,106.78384939796564,ulaanbaatar,mn,-11.21,69.0,40.0,2.24,2018-02-01 10:30:00
29.434575940773556,74.76727803986921,ellenabad,in,71.73,66.0,0.0,4.16,2018-02-01 10:44:52
2.963106219076238,116.96544862185402,tarakan,id,81.95,92.0,64.0,5.61,2018-02-01 10:45:27
32.818751396374424,-82.82284880469635,dublin,us,42.8,74.0,90.0,6.93,2018-02-01 10:15:00
57.60397343466792,-106.12852800173752,la ronge,ca,-27.41,74.0,5.0,2.93,2018-02-01 10:00:00
-7.220020332914714,46.569658431512494,mitsamiouli,km,87.8,74.0,40.0,9.17,2018-02-01 10:00:00
52.73229207376764,-69.49993360385896,hauterive,ca,12.2,85.0,90.0,5.82,2018-02-01 10:00:00
61.769223337873115,-152.19706925309816,kenai,us,10.4,66.0,1.0,4.7,2018-02-01 09:56:00
39.61940710971652,8.836163205518915,san gavino monreale,it,48.2,87.0,0.0,4.7,2018-02-01 10:20:00
21.704046230989633,44.35263856026745,riyadh,sa,64.4,16.0,0.0,3.36,2018-02-01 10:00:00
28.293876622107604,93.80171986838974,ziro,in,75.2,53.0,40.0,2.24,2018-02-01 10:00:00
13.590175508531331,-39.270396635856315,porto novo,cv,69.8,56.0,75.0,19.46,2018-02-01 10:00:00
39.45680018903656,20.102317275899964,kavos,gr,59.0,54.0,0.0,5.82,2018-02-01 10:20:00
-30.996885631081113,-62.78516878970814,san francisco,ar,81.91,58.0,20.0,7.85,2018-02-01 10:47:01
8.14367974541807,34.646742115343045,gambela,et,86.9,34.0,0.0,6.4,2018-02-01 10:49:00
13.643984727229054,42.757435570254245,zabid,ye,71.01,34.0,56.0,1.92,2018-02-01 10:44:58
65.25528818182326,-144.81004143627064,fairbanks,us,-25.61,74.0,1.0,3.83,2018-02-01 09:58:00
46.545722096196414,36.15873742902011,novovasylivka,ua,31.32,93.0,12.0,5.17,2018-02-01 10:46:29
61.12079197616009,100.46942626916399,vanavara,ru,-3.64,76.0,56.0,5.17,2018-02-01 10:47:55
33.37292568357542,34.21508137413173,nahariyya,il,66.2,39.0,0.0,8.05,2018-02-01 09:50:00
60.63329834066761,110.49582310516968,vitim,ru,-1.44,56.0,56.0,5.39,2018-02-01 10:50:09
60.629118210981005,88.5868706126322,teguldet,ru,-2.97,63.0,0.0,4.16,2018-02-01 10:46:01
-6.760571249795589,13.934883491173991,matadi,cd,88.47,73.0,36.0,3.38,2018-02-01 10:46:04
-12.277989903568312,-77.4898233161623,lima,pe,59.31,70.0,20.0,1.7,2018-02-01 10:45:57
59.32493538960239,-58.42913180756287,saint-augustin,ca,14.0,78.0,90.0,3.36,2018-02-01 10:00:00
-34.6107023637948,137.592997295447,adelaide,au,66.2,55.0,0.0,12.75,2018-02-01 10:00:00
-14.656279991131427,-42.15749486566102,cacule,br,68.9,100.0,92.0,4.16,2018-02-01 10:49:11
-88.48979528663357,29.193517315603202,kruisfontein,za,73.76,75.0,0.0,13.44,2018-02-01 10:49:08
-11.729289871655325,14.286215905588165,sumbe,ao,83.61,88.0,0.0,10.87,2018-02-01 10:49:19
-8.934160808825453,-44.80164841038476,bom jesus,br,80.6,78.0,40.0,16.11,2018-02-01 10:00:00
3.88513804807846,121.06132759978482,sapa,ph,84.2,62.0,75.0,8.05,2018-02-01 10:00:00
44.6428071876644,128.8178184716047,weihe,cn,29.75,56.0,24.0,4.83,2018-02-01 10:48:29
57.658091716146316,46.791672801530154,shaygino,ru,4.55,78.0,0.0,2.26,2018-02-01 10:45:59
28.139699102505503,15.448337491833513,hun,ly,63.72,46.0,0.0,8.97,2018-02-01 10:47:24
27.511092680155997,-110.43215895150708,potam,mx,51.89,79.0,48.0,3.15,2018-02-01 10:50:00
56.66395552571501,20.023745295997685,liepaja,lv,39.2,86.0,88.0,11.41,2018-02-01 10:20:00
50.26398408610507,102.722557720814,zakamensk,ru,-13.32,53.0,0.0,4.38,2018-02-01 10:48:10
-48.12333449099833,-41.527883188032376,rocha,uy,75.29,75.0,0.0,4.38,2018-02-01 10:48:58
41.121903637482916,148.95157930096406,nemuro,jp,29.75,100.0,80.0,15.35,2018-02-01 10:47:38
-21.98104440323145,18.13648851440223,gobabis,na,91.4,34.0,24.0,6.17,2018-02-01 10:48:40
-53.10682153417341,43.27045868633874,east london,za,75.2,69.0,40.0,14.99,2018-02-01 10:00:00
36.09940169181394,19.94963552764858,lithakia,gr,57.2,58.0,75.0,6.93,2018-02-01 10:20:00
7.602677725967652,-151.59553281532794,hilo,us,68.0,82.0,1.0,3.36,2018-02-01 09:56:00
12.632211792136971,170.65618440679089,butaritari,ki,82.54,99.0,36.0,4.38,2018-02-01 10:50:10
-65.73757294791442,14.766493169463672,hermanus,za,85.73,33.0,0.0,4.38,2018-02-01 10:50:32
30.078971048103654,96.22848828764518,tezu,in,56.3,65.0,44.0,1.48,2018-02-01 10:49:01
45.07825546131866,16.89682127166259,bosanska dubica,ba,59.0,38.0,0.0,17.22,2018-02-01 10:00:00
74.43607508771368,85.79956689013898,dudinka,ru,1.13,72.0,88.0,13.22,2018-02-01 10:44:40
43.15280590200561,24.136956000356577,lukovit,bg,52.56,77.0,0.0,2.04,2018-02-01 10:47:16
-11.98294466205526,155.76885676521584,gizo,sb,82.94,100.0,56.0,10.65,2018-02-01 10:45:15
43.57155005801556,-69.02603133055379,rockland,us,35.6,74.0,1.0,9.17,2018-02-01 10:35:00
59.87607619301866,85.28682530186575,belyy yar,ru,1.4,70.0,12.0,4.47,2018-02-01 10:00:00
72.58992970492307,-12.031298217195456,husavik,is,21.2,85.0,75.0,3.36,2018-02-01 10:00:00
-33.501310499306335,83.77039835433351,bambous virieux,mu,86.0,70.0,40.0,10.29,2018-02-01 10:00:00
9.51980661848188,74.72440485522856,kochi,in,93.2,32.0,20.0,9.17,2018-02-01 10:00:00
-7.595492840473824,11.784293749199918,soyo,ao,90.05,68.0,32.0,5.17,2018-02-01 10:45:44
38.220363038707376,38.16387502854943,malatya,tr,50.0,42.0,0.0,4.7,2018-02-01 10:20:00
-26.07909596239216,31.40248599174356,bulembu,sz,78.8,57.0,75.0,8.05,2018-02-01 10:00:00
-39.042268588643644,157.4516696548913,ulladulla,au,60.8,87.0,40.0,1.12,2018-02-01 10:14:00
-4.328084597639247,29.331173125286455,rumonge,bi,77.85,96.0,44.0,5.17,2018-02-01 10:45:54
8.227937346321,36.640130599090696,bedele,et,77.41,56.0,0.0,3.15,2018-02-01 10:45:49
43.30844502873816,-88.69756488358613,watertown,us,1.4,77.0,1.0,16.11,2018-02-01 09:55:00
74.24789785669307,70.47089899540899,yar-sale,ru,0.86,74.0,32.0,5.61,2018-02-01 10:48:06
40.61487164190916,-89.24799393260732,washington,us,41.0,48.0,1.0,3.36,2018-02-01 10:38:00
-15.096213673955589,148.74804212555676,cairns,au,82.4,74.0,20.0,8.05,2018-02-01 10:00:00
43.5516729113223,101.90649762213235,hovd,mn,-23.67,30.0,8.0,2.04,2018-02-01 10:49:00
40.58757350646488,-137.84003724749806,eureka,us,44.6,100.0,1.0,8.05,2018-02-01 10:35:00
41.51416373810312,1.1725909861631294,tarrega,es,48.2,81.0,20.0,3.36,2018-02-01 10:30:00
40.51136148535463,132.59129299734366,vrangel,ru,20.61,100.0,36.0,5.73,2018-02-01 10:47:30
88.48686483502624,125.33354561489347,tiksi,ru,-32.49,0.0,56.0,3.27,2018-02-01 10:48:39
14.045915384060478,105.15085416891105,det udom,th,78.8,47.0,36.0,5.82,2018-02-01 10:00:00
-55.78228531898637,157.78934275479145,tuatapere,nz,52.43,100.0,92.0,14.23,2018-02-01 10:50:12
48.709507526660985,70.58621104670758,atasu,kz,9.68,73.0,0.0,3.83,2018-02-01 10:44:58
-10.850070960489077,-79.50155187379319,huarmey,pe,60.98,87.0,12.0,2.71,2018-02-01 10:45:06
26.768856900449407,-179.48762313397964,kapaa,us,73.4,88.0,75.0,8.05,2018-02-01 10:19:00
12.344887611980795,-53.27917930005289,oistins,bb,75.2,73.0,20.0,16.11,2018-02-01 10:00:00
11.751765117878506,79.57889052258764,nellikkuppam,in,81.41,75.0,0.0,10.98,2018-02-01 10:46:48
-17.61274185354543,-54.60461329501953,coxim,br,81.23,84.0,36.0,3.83,2018-02-01 10:49:39
63.73627945695617,6.6428062028519435,bud,no,37.4,64.0,0.0,8.05,2018-02-01 10:20:00
8.370684135128585,65.32397266865286,kavaratti,in,82.58,100.0,0.0,4.94,2018-02-01 10:49:25
87.27030388148742,68.6621627519718,dikson,ru,3.29,94.0,76.0,4.61,2018-02-01 10:49:57
52.521099822115275,146.41711770986421,katangli,ru,5.09,100.0,48.0,3.27,2018-02-01 10:44:54
38.70973448843978,-85.97017830423287,seymour,us,44.29,54.0,0.0,17.02,2018-02-01 10:45:03
-58.583307909744974,121.93902326094752,albany,au,68.63,66.0,8.0,16.8,2018-02-01 10:50:30
1.3616984045151668,-35.868152538676526,paracuru,br,78.8,83.0,75.0,8.05,2018-02-01 10:00:00
13.72248421757908,-14.37853380343222,bansang,gm,73.4,17.0,0.0,9.17,2018-02-01 10:00:00
3.584373706491391,-66.28926278663607,inirida,co,76.06,85.0,80.0,2.93,2018-02-01 10:45:11
-31.949402659012783,-81.7642956580889,talcahuano,cl,51.8,81.0,0.0,4.7,2018-02-01 10:00:00
-33.43417698596483,173.21482903746409,ahipara,nz,67.46,97.0,24.0,12.77,2018-02-01 10:46:42
-24.91535286980701,-27.99467493648916,vila velha,br,78.8,83.0,75.0,8.05,2018-02-01 10:00:00
2.46564422508942,-0.19474608763366064,cape coast,gh,90.36,60.0,0.0,5.17,2018-02-01 10:47:53
9.630684554743027,-70.19984477508686,trujillo,ve,59.14,89.0,56.0,1.59,2018-02-01 10:47:06
48.40356647474542,-7.7519743048400755,penzance,gb,46.4,70.0,40.0,19.46,2018-02-01 10:20:00
60.523028072094434,167.19713340133586,tilichiki,ru,8.96,65.0,0.0,4.38,2018-02-01 10:50:15
60.943662545649175,-144.12749230990752,palmer,us,17.6,31.0,1.0,41.38,2018-02-01 09:56:00
67.51238091920769,-48.262230223586954,qasigiannguit,gl,17.6,78.0,90.0,4.7,2018-02-01 09:50:00
43.398557698757344,13.794770351676561,civitanova marche,it,59.0,41.0,20.0,11.41,2018-02-01 09:50:00
45.65382949770202,-91.27854281238194,chippewa falls,us,-0.41,54.0,1.0,12.75,2018-02-01 10:15:00
-40.406376414708106,65.02118086805444,saint-philippe,re,87.8,66.0,75.0,8.05,2018-02-01 10:00:00
-1.1302298631038639,24.848774236254457,kisangani,cd,94.23,37.0,0.0,3.83,2018-02-01 10:48:18
-16.77485202882643,-75.48847157499499,acari,pe,57.38,82.0,8.0,0.92,2018-02-01 10:48:09
42.9712568174854,92.11459689572649,hami,cn,9.05,68.0,0.0,3.04,2018-02-01 10:49:58
28.75878333335372,110.23054191607451,dayong,cn,51.8,71.0,90.0,8.95,2018-02-01 10:00:00
62.886994793867814,122.40880971130667,kysyl-syr,ru,-37.67,0.0,68.0,3.6,2018-02-01 10:46:49
9.876254619094354,-97.03694352714079,pochutla,mx,76.1,100.0,20.0,3.6,2018-02-01 10:49:35
22.357616155405978,-154.18897978813678,kahului,us,73.4,94.0,40.0,10.29,2018-02-01 09:56:00
31.972998991059825,-73.38686301239578,havelock,us,44.6,93.0,1.0,3.36,2018-02-01 09:58:00
-7.130750338148459,-6.574543908652544,georgetown,sh,78.8,78.0,75.0,14.99,2018-02-01 09:50:00
0.0906586747723992,132.46419688254298,sorong,id,84.29,98.0,80.0,3.6,2018-02-01 10:49:51
28.174188429453224,-1.4626825333402849,adrar,dz,60.8,77.0,75.0,4.94,2018-02-01 10:00:00
-30.86296348290788,26.752417225692966,aliwal north,za,77.68,51.0,0.0,9.64,2018-02-01 10:50:20
57.74627323420728,-53.30132735112052,paamiut,gl,30.74,90.0,68.0,14.67,2018-02-01 10:48:38
4.922909826564492,56.01545313804519,eyl,so,80.78,75.0,0.0,17.92,2018-02-01 10:50:10
78.40718194979138,173.97734220988815,komsomolskiy,ru,0.63,62.0,56.0,3.38,2018-02-01 10:50:22
61.72820451979365,-102.69639588964183,flin flon,ca,-12.92,60.0,24.0,6.62,2018-02-01 10:46:38
-65.46296460805449,-42.090457114777394,ushuaia,ar,51.8,57.0,75.0,16.11,2018-02-01 10:00:00
64.88756736758293,25.249897344405213,kempele,fi,5.0,84.0,0.0,5.82,2018-02-01 10:20:00
-18.955832810972083,34.8537607880406,dondo,mz,89.6,75.0,40.0,10.87,2018-02-01 10:00:00
-13.455871926014566,27.73156192928076,mpongwe,zm,81.81,60.0,12.0,4.83,2018-02-01 10:48:20
15.556316961092605,79.77399178180616,ongole,in,86.45,33.0,0.0,6.29,2018-02-01 10:49:23
-22.71615003964449,-94.62357133039826,pisco,pe,68.0,82.0,0.0,6.93,2018-02-01 10:00:00
1.6728279266030626,157.30746050960624,namatanai,pg,77.41,100.0,80.0,11.77,2018-02-01 10:46:17
20.93404754312955,151.26620582753827,katsuura,jp,39.2,86.0,90.0,12.75,2018-02-01 10:00:00
-29.739749586092877,9.8262927122814,luderitz,na,66.16,81.0,0.0,11.88,2018-02-01 10:44:29
-34.356404696714776,146.6850182688758,leeton,au,66.96,42.0,0.0,9.64,2018-02-01 10:49:24
8.292294250616933,-72.95870197819596,hacari,co,64.85,94.0,80.0,2.48,2018-02-01 10:45:57
60.87550187673932,149.9582584368261,ust-omchug,ru,16.2,86.0,76.0,2.59,2018-02-01 10:46:07
-4.198859820683992,107.65101364594977,manggar,id,81.86,82.0,0.0,10.98,2018-02-01 10:47:32
26.139765254664837,101.8991366665258,panzhihua,cn,43.65,81.0,0.0,2.15,2018-02-01 10:46:52
-11.952938174257284,47.18779704925808,dzaoudzi,yt,89.6,66.0,40.0,11.41,2018-02-01 10:00:00
22.151662944462558,39.80422036374779,mecca,sa,86.0,45.0,40.0,3.36,2018-02-01 10:00:00
-19.298401959559868,151.04000052388596,mackay,au,82.4,74.0,40.0,8.05,2018-02-01 10:00:00
11.114569164931154,106.21669588346242,tay ninh,vn,80.6,69.0,0.0,2.82,2018-02-01 10:45:39
-27.3335815454001,54.994785216107914,saint-joseph,re,87.8,66.0,75.0,8.05,2018-02-01 10:00:00
51.08061427057996,131.16673470936882,talakan,ru,-17.73,26.0,0.0,2.71,2018-02-01 10:48:21
7.878935147886892,-101.62909548086857,tecoanapa,mx,73.4,69.0,90.0,2.59,2018-02-01 10:07:00
6.124727185068991,12.358139647123977,tibati,cm,90.59,22.0,0.0,10.87,2018-02-01 10:44:56
34.38141464691722,62.587703577561314,herat,af,44.6,17.0,0.0,2.24,2018-02-01 09:55:00
53.18904325527572,-123.08679118490156,quesnel,ca,17.6,92.0,90.0,2.37,2018-02-01 10:00:00
51.602712448806045,125.45138149100535,tahe,cn,-13.73,60.0,32.0,2.59,2018-02-01 10:45:00
71.02916027383051,1.6107441425895104,roald,no,37.4,100.0,0.0,5.82,2018-02-01 10:20:00
11.406069820513537,91.58207746734843,port blair,in,81.23,100.0,8.0,11.88,2018-02-01 10:48:13
87.82254511890321,175.4995782075569,leningradskiy,ru,6.31,75.0,0.0,5.06,2018-02-01 10:48:18
-8.278013215379701,39.89882592290701,kilindoni,tz,83.03,97.0,8.0,13.11,2018-02-01 10:45:35
55.891469102058124,76.877777247236,vengerovo,ru,-0.45,67.0,20.0,8.86,2018-02-01 10:46:39
78.72843836625893,-168.18967412342204,lavrentiya,ru,14.76,100.0,0.0,3.38,2018-02-01 10:49:18
33.410564114239975,72.54312154830612,pindi gheb,pk,60.53,71.0,0.0,3.83,2018-02-01 10:50:28
25.324772947848714,78.14840362393687,karera,in,81.86,30.0,0.0,2.71,2018-02-01 10:48:12
-22.7319443298163,149.09505123278984,blackwater,au,81.86,63.0,68.0,13.44,2018-02-01 10:47:04
15.307059773424385,56.91269151131516,salalah,om,82.4,21.0,0.0,11.41,2018-02-01 09:50:00
68.99192010054776,152.83264992647133,srednekolymsk,ru,9.68,63.0,8.0,5.5,2018-02-01 10:49:08
3.6958872810738796,97.67823881671194,stabat,id,84.2,79.0,20.0,9.17,2018-02-01 10:00:00
32.86535369564855,68.29520376991724,sharan,af,29.48,65.0,0.0,2.48,2018-02-01 10:47:40
69.31171301476707,47.53241576772564,leshukonskoye,ru,16.02,78.0,92.0,3.27,2018-02-01 10:45:49
58.301718664305014,150.94560116421536,magadan,ru,21.2,100.0,90.0,7.96,2018-02-01 10:00:00
7.882187714453536,-37.75798406127154,itarema,br,82.31,85.0,64.0,12.66,2018-02-01 10:48:46
-31.61217246551835,-56.752805929234,tacuarembo,uy,77.85,62.0,0.0,5.95,2018-02-01 10:47:02
33.83993280298375,37.34264778198062,yabrud,sy,57.2,40.0,0.0,4.7,2018-02-01 10:00:00
-22.97484852509463,15.89311183072192,otjimbingwe,na,83.25,44.0,8.0,9.08,2018-02-01 10:45:52
-14.54532075334491,112.99999016287916,ambulu,id,76.64,100.0,92.0,6.06,2018-02-01 10:48:48
58.11697149468242,-131.81412375846594,juneau,us,21.2,48.0,90.0,3.04,2018-02-01 09:56:00
60.08268607708112,91.02610142432854,teya,ru,4.32,61.0,88.0,4.72,2018-02-01 10:45:39
73.7591076967449,-122.12131042174151,norman wells,ca,-36.41,65.0,75.0,3.15,2018-02-01 10:00:00
20.840438039681985,-117.99916511881906,constitucion,mx,37.99,91.0,32.0,3.49,2018-02-01 10:50:00
-36.90723317688604,85.15633453605665,busselton,au,76.23,82.0,80.0,5.5,2018-02-01 10:50:09
49.340407341364624,95.50244881417683,erzin,ru,-21.64,81.0,0.0,0.58,2018-02-01 10:48:14
59.75888629287448,-168.90963737408535,nome,us,60.8,82.0,1.0,5.82,2018-02-01 10:15:00
-34.206610067118575,9.250302155200956,saldanha,za,82.4,60.0,0.0,3.36,2018-02-01 10:00:00
21.534742619541007,-120.0416777196022,guerrero negro,mx,49.86,93.0,0.0,4.5,2018-02-01 10:48:59
-22.837293119525143,-45.14055736102068,guaratingueta,br,68.0,82.0,20.0,1.12,2018-02-01 10:00:00
-0.7947684130913757,101.8268238554025,sijunjung,id,77.22,73.0,76.0,2.37,2018-02-01 10:46:57
-49.43358966996102,72.75396371933815,souillac,mu,86.0,70.0,40.0,10.29,2018-02-01 10:00:00
-10.963490624628307,23.43398765602356,luau,ao,83.03,64.0,36.0,4.05,2018-02-01 10:46:16
57.09823255507095,114.43520793930918,bodaybo,ru,-3.02,58.0,56.0,3.38,2018-02-01 10:48:28
8.837381350604957,-50.43935487913714,sinnamary,gf,76.32,100.0,80.0,9.08,2018-02-01 10:49:03
-25.24863311596151,22.412929740255635,tsabong,bw,96.21,32.0,0.0,6.4,2018-02-01 10:49:41
37.637715057283685,133.05864761586355,sakaiminato,jp,39.2,80.0,75.0,9.17,2018-02-01 10:00:00
34.30492304327481,-49.07244820944936,torbay,ca,26.6,79.0,75.0,17.22,2018-02-01 10:00:00
85.93024694760615,148.40797030251565,chokurdakh,ru,-8.1,65.0,48.0,2.71,2018-02-01 10:50:32
11.370230919220376,39.33853255271387,dese,et,71.96,43.0,24.0,2.48,2018-02-01 10:46:50
-59.537099807263104,-96.5874271714231,punta arenas,cl,53.6,76.0,75.0,32.21,2018-02-01 10:00:00
-67.84333072281856,178.4736554691491,kaitangata,nz,51.26,80.0,76.0,16.58,2018-02-01 10:49:38
69.17513310472418,-52.78027394420717,aasiaat,gl,18.86,100.0,68.0,13.89,2018-02-01 10:49:37
24.69396457665475,-20.368523753965633,los llanos de aridane,es,62.6,72.0,75.0,17.22,2018-02-01 10:30:00
-48.851947547680524,-97.64837259206199,castro,cl,54.68,88.0,32.0,4.61,2018-02-01 10:50:06
-22.382396449218604,27.161781294206293,palapye,bw,86.81,54.0,20.0,10.76,2018-02-01 10:45:47
-65.2481622329338,136.2739942566455,new norfolk,au,62.6,67.0,75.0,6.93,2018-02-01 10:00:00
30.59649003343405,-119.86024241080416,rosarito,mx,60.53,86.0,88.0,4.27,2018-02-01 10:46:31
24.434509737284657,126.18854704499063,hirara,jp,62.6,72.0,75.0,12.75,2018-02-01 10:00:00
60.42642610651461,115.53394034846269,lensk,ru,-3.92,64.0,56.0,7.18,2018-02-01 10:47:50
46.18354246766174,28.376098083258,falciu,ro,45.01,79.0,0.0,8.97,2018-02-01 10:48:18
-84.78110985168941,173.4904440698561,bluff,nz,55.71,100.0,92.0,21.05,2018-02-01 10:50:12
46.84922419758715,34.0811496508683,nyzhni sirohozy,ua,37.58,93.0,20.0,8.97,2018-02-01 10:46:17
-18.057883909543122,133.0527348717943,katherine,au,84.2,66.0,40.0,6.93,2018-02-01 10:00:00
-18.429967323278262,165.57985331227496,pouebo,nc,77.09,87.0,64.0,4.16,2018-02-01 10:47:05
65.50794417075332,126.88264209525727,sangar,ru,-39.92,0.0,48.0,4.27,2018-02-01 10:47:11
56.921167360634314,154.1566189335532,sobolevo,ru,33.98,80.0,88.0,20.04,2018-02-01 10:48:33
-2.468646588175389,24.64249636959576,kindu,cd,81.05,86.0,20.0,0.58,2018-02-01 10:48:01
3.6634977863478326,-81.47871863141467,pizarro,co,76.64,100.0,88.0,7.4,2018-02-01 10:48:20
0.10194396114204096,40.8207871628118,garissa,ke,96.04,35.0,0.0,9.64,2018-02-01 10:45:06
-38.72453222247302,167.6502646884162,westport,nz,57.06,100.0,100.0,3.15,2018-02-01 10:50:11
-4.1821272007760655,-54.74550429572807,itaituba,br,80.33,88.0,20.0,2.59,2018-02-01 10:49:11
69.65053948722831,21.77302978024926,oksfjord,no,24.8,68.0,20.0,19.46,2018-02-01 10:20:00
-43.80082720688368,152.0772433091579,hobart,au,62.6,67.0,75.0,6.93,2018-02-01 10:00:00
-9.220865436157212,120.0006038419084,waingapu,id,73.26,100.0,76.0,4.94,2018-02-01 10:47:54
10.952228050380128,126.61166016546451,sulangan,ph,81.68,99.0,76.0,17.69,2018-02-01 10:46:12
-18.079245590598674,-169.02550682481393,alofi,nu,77.0,94.0,36.0,1.12,2018-02-01 10:00:00
-6.497987027783225,-26.233893912854285,cabedelo,br,80.6,78.0,20.0,4.7,2018-02-01 10:00:00
66.71999020988594,139.07731533876643,deputatskiy,ru,-23.49,33.0,8.0,2.82,2018-02-01 10:45:31
61.5430925165883,-176.07985082289227,provideniya,ru,20.39,100.0,44.0,8.41,2018-02-01 10:49:59
-12.950904991662497,59.28669514082566,cap malheureux,mu,86.0,70.0,40.0,10.29,2018-02-01 10:00:00
30.468441035338117,48.04292044706432,khorramshahr,ir,68.0,37.0,0.0,13.87,2018-02-01 10:00:00
51.20961206105122,68.2259580146922,atbasar,kz,3.56,63.0,24.0,5.95,2018-02-01 10:48:21
62.07679056716063,7.196042650275359,stranda,no,37.4,92.0,20.0,2.24,2018-02-01 10:20:00
-42.305155395807915,-38.66887222856806,cidreira,br,75.11,83.0,44.0,7.52,2018-02-01 10:47:42
17.249724309000783,120.27259648850946,darapidap,ph,75.87,63.0,12.0,9.98,2018-02-01 10:50:28
-27.89017900961867,-94.70808315598428,lebu,cl,56.89,88.0,0.0,25.97,2018-02-01 10:50:16
33.61209217181805,109.66566820403989,lishan,cn,52.11,71.0,68.0,6.73,2018-02-01 10:45:41
27.461531458023018,118.57550485775619,zhicheng,cn,31.41,49.0,0.0,7.74,2018-02-01 10:46:12
28.70435525795847,133.51694533965286,kushima,jp,42.8,87.0,75.0,9.17,2018-02-01 10:00:00
26.154550052554455,25.390163406402564,jalu,ly,64.18,61.0,0.0,5.17,2018-02-01 10:45:11
77.25873655328928,-1.904865917048312,klaksvik,fo,39.2,69.0,68.0,35.57,2018-02-01 10:20:00
5.491870317312561,-25.457223912772264,sao filipe,cv,69.35,97.0,12.0,20.83,2018-02-01 10:47:29
10.601929848859456,-81.57355313713421,bocas del toro,pa,74.89,100.0,92.0,10.65,2018-02-01 10:46:34
47.538660532179165,-126.51315648012633,ucluelet,ca,34.38,100.0,92.0,2.15,2018-02-01 10:45:55
35.076648998858005,166.20687902973725,severo-kurilsk,ru,29.84,100.0,88.0,14.45,2018-02-01 10:50:13
71.39251037263634,133.6465201219744,ust-kuyga,ru,-24.17,36.0,80.0,3.94,2018-02-01 10:44:53
57.43886494632497,102.65038385638786,zheleznodorozhnyy,ru,15.8,72.0,0.0,6.71,2018-02-01 10:00:00
25.21178406464678,-31.629733130128727,ponta do sol,cv,68.18,100.0,20.0,21.27,2018-02-01 10:50:23
62.92094635593264,-21.70310155982733,eyrarbakki,is,28.4,68.0,0.0,8.05,2018-02-01 10:00:00
61.82295009698689,148.41016574172443,susuman,ru,11.75,80.0,68.0,2.82,2018-02-01 10:45:17
-20.652826516794107,29.160379369215065,gwanda,zw,80.73,66.0,76.0,5.17,2018-02-01 10:49:42
52.40912356479126,-5.887220307483062,arklow,ie,39.2,86.0,20.0,14.99,2018-02-01 10:30:00
-14.510138487924138,-82.37860593791694,hualmay,pe,65.25,93.0,36.0,3.94,2018-02-01 10:47:31
60.77656767352738,18.067820920239683,gavle,se,33.89,94.0,80.0,4.61,2018-02-01 10:47:42
30.06015921520462,104.83635285496098,ziyang,cn,38.44,66.0,80.0,2.71,2018-02-01 10:48:08
63.65480055000913,8.662261866926684,sistranda,no,32.0,95.0,40.0,25.28,2018-02-01 10:20:00
-25.581285084631887,6.417666200418154,walvis bay,na,64.31,100.0,24.0,6.96,2018-02-01 10:45:33
43.161161956574944,6.440155762621771,sainte-maxime,fr,51.8,71.0,90.0,5.82,2018-02-01 10:30:00
40.828687506708405,-52.738364702895936,bay roberts,ca,26.6,73.0,90.0,18.34,2018-02-01 10:00:00
-6.352024143549201,30.534499336558895,karema,tz,76.86,100.0,20.0,4.16,2018-02-01 10:47:54
-7.454470040847454,-39.23498617182196,barbalha,br,81.05,74.0,8.0,5.17,2018-02-01 10:49:06
8.048531514281507,-72.48773008293048,cucuta,co,73.4,94.0,40.0,4.7,2018-02-01 10:00:00
23.084734249363336,-85.62295030034123,mantua,cu,63.05,95.0,0.0,6.73,2018-02-01 10:48:29
3.3578969447373197,4.894426922158601,yenagoa,ng,91.85,50.0,0.0,3.83,2018-02-01 10:50:25
-73.55558676263655,21.873032133213542,bredasdorp,za,78.8,54.0,0.0,14.99,2018-02-01 10:00:00
-47.16001926092871,-45.96787687404412,mar del plata,ar,68.54,50.0,8.0,18.81,2018-02-01 10:50:05
52.45720947512493,21.736720396901205,wegrow,pl,40.91,98.0,92.0,12.21,2018-02-01 10:45:22
-8.89663798069924,-46.58571371553299,morros,br,80.6,83.0,20.0,10.29,2018-02-01 10:00:00
51.26674996554365,-94.70970596067403,kenora,ca,-5.81,76.0,40.0,14.99,2018-02-01 10:00:00
54.24867161814615,76.2723544928042,tatarsk,ru,-1.22,69.0,20.0,8.63,2018-02-01 10:49:39
35.16483034551884,-34.43076292577874,ribeira grande,pt,62.6,63.0,20.0,12.66,2018-02-01 10:30:00
55.6617440608014,-108.60288023554833,meadow lake,ca,-18.77,26.0,20.0,2.48,2018-02-01 10:47:06
44.80483405592133,147.49147708027579,kurilsk,ru,17.15,100.0,8.0,5.28,2018-02-01 10:46:32
72.20359571601784,-146.8313825915102,college,us,-25.61,74.0,1.0,3.83,2018-02-01 09:58:00
6.0363738260520705,26.608869285339352,obo,cf,84.43,43.0,0.0,15.23,2018-02-01 10:45:46
-15.891498672856983,163.1823176193044,luganville,vu,82.18,99.0,8.0,9.42,2018-02-01 10:46:28
-28.63569060267389,131.1711815425238,yulara,au,75.2,83.0,90.0,19.46,2018-02-01 10:30:00
40.238658779841444,174.75237747432885,nikolskoye,ru,15.8,85.0,75.0,15.66,2018-02-01 10:00:00
5.478179538672379,-144.52759385748877,atuona,pf,80.37,100.0,68.0,12.33,2018-02-01 10:50:13
60.824648037035985,138.49109837991085,solnechnyy,ru,-23.4,35.0,0.0,2.71,2018-02-01 10:45:52
-22.74085591555196,34.05250289124132,maxixe,mz,83.93,82.0,36.0,9.42,2018-02-01 10:47:25
-4.889488069791483,5.824580463212413,gamba,ga,81.95,100.0,36.0,6.96,2018-02-01 10:48:24
35.4642702697011,-111.20814631428217,flagstaff,us,48.2,29.0,1.0,4.7,2018-02-01 10:35:00
38.58638530654605,117.15244311129868,cangzhou,cn,25.34,50.0,0.0,7.96,2018-02-01 10:45:05
-12.936155173388514,111.5016454139568,boyolangu,id,72.86,95.0,64.0,3.49,2018-02-01 10:46:23
-40.16292608472489,-59.82711712994987,tres arroyos,ar,68.81,80.0,0.0,11.88,2018-02-01 10:46:59
-30.804294961125407,-54.42606215849432,dom pedrito,br,68.0,88.0,0.0,8.97,2018-02-01 10:15:00
44.778894049258184,39.39977689284214,ponezhukay,ru,46.4,49.0,20.0,11.18,2018-02-01 10:00:00
3.04131032108954,-119.89330633165679,san patricio,mx,65.03,100.0,92.0,4.72,2018-02-01 10:47:35
3.7686374097872175,-16.98071665381795,bonthe,sl,88.56,60.0,12.0,4.72,2018-02-01 10:49:07
